content,rating,type,status,tokenization,publishedDate,origin
露營體驗整體來說是滿意的，服務人員也很友善。但是上山的路程確實有些艱難，特別是當天下大雨後路面更加滑擋。至於小木屋內的廁所，雖然幹凈但卻有著濃重的煙味，可能是由於有人在裡面吸煙造成。希望未來能夠改善這些細節，讓遊客有更舒適的使用體驗。,3,2,0,,2019/6/15,0
露營體驗整體上還算不錯，服務方面也很周到。但是上山的路程有一點陡峭，需要一些體力。至於小木屋內的廁所，雖然方便，但都帶有輕微的煙燻味道，這可能是由之前的煙民留下的影響。,3,2,0,,2019/6/15,0
露營體驗還算不錯，服務人員也很友善。但是上山的路程相當陡峭，有些地方步行確實不太容易。小木屋的設施中，廁所部分則是有著一股強烈的煙味，這點需要進一步改善。,3,2,0,,2019/6/15,0
這裡的路太崎嶇，無論是營區外的道路還是營區內的通道，都是一樣的陡峭，這對於露營者來說實在是個挑戰。,3,2,0,,2019/1/21,0
這裡的路太陡峭，無論是在營區的外部還是內部，都是一樣的挑戰。,3,2,0,,2019/1/21,0
這裡的路太崎嶇，無論是營區內還是營區外，坡度都相當陡峭。,3,2,0,,2019/1/21,0
親愛的旅行者們，請注意，營地的拉營時間設定為上午11點。雖然這個時間可能對某些人來說略早，但我相信對於那些帶著小朋友來玩耍的家庭來說，這個地方將是一個完美的選擇。營區內的設施和環境都非常適合幼小的孩子們來探索和玩耍，相信大家一定會有一個愉快的露營經驗！,3,2,0,,2018/3/27,0
這裡的營區真的很適合小朋友們玩耍呢，環境很安全舒適，適閤家庭一起度過愉快的時光。但是拔營時間設定在早上11點，這樣的時間可能會讓一些人感到有些早，尤其是對於需要休息的人來說。希望未來能有更晚一些的拔營時間，讓大家都能享受一個更加悠閒的露營體驗。,3,2,0,,2018/3/27,0
這裡的營地很適合小朋友玩耍，早上11點的拔營時間可能對一些人來說有些早，但總的來說，這裡是一個適閤家庭出遊的好地方。,3,2,0,,2018/3/27,0
營地主人非常親切，如果能夠有飲水機設定就更好了。,3,2,0,,2018/7/29,0
營地主人非常親切，如果能夠設定飲水機就好了。,3,2,0,,2018/7/29,0
營地主人非常親切，如果有飲水機的話就更好了。,3,2,0,,2018/7/29,0
預訂三張桌子卻只有一張可用，桌子老舊不平，使用不便。我曾經住過很多野營帳篷，但這次遇到營地管理員態度不佳，從晚上十點開始就不斷催促我們退房，整體感受非常差。,3,2,0,,2022/3/5,0
預訂三張桌子卻只剩下一張可以使用。桌子老舊不平，實際上難以使用。這是我第一次遇到營地管理人員態度這麼差。由於10點就開始不斷催促我們退房，我對這次住宿經驗感到非常失望。,3,2,0,,2022/3/5,0
預訂了三張桌子，但只剩下一張可用的。桌子看起來超級舊舊，表面不平整，實際上根本不能使用。這是我第一次遇到營地主人的態度這麼差，晚上十點就開始不斷催促我們退房，整體感受非常負面。,3,2,0,,2022/3/5,0
頭香入住，所有物品均為全新狀態，使用體驗非常舒適。,3,2,0,,2021/9/22,0
頭香入住，所有物品都brand new，體驗超爽。,3,2,0,,2021/9/22,0
頭香入住，所有物品都brand new，體驗超爽！,3,2,0,,2021/9/22,0
三月三十日（六）晚上七點至九點，連續發生停電。電話聯絡不通，停電又電話又停電……我們負責F區，支付了相當不菲的費用，但是在晚上最重要的用餐和洗澡時間，造成了我們巨大的不便，更無法與營區人員通電話處理，只能靜靜等待，感受真的是非常差！,3,2,0,,2019/4/1,0
六月三十晚上七點到九點，連續發生停電。電話一直在響，停電又來，電話又響……我們在F區露營，付了不少錢，但在晚上最重要的用餐和洗澡時刻，停電給我們帶來了很大的不便，而且我們還無法聯絡營區的工作人員，只能等待並感受這種不愉快。,3,2,0,,2019/4/1,0
三十日（六）晚上七點到九點，連續發生停電。電話一直在叫，停電，電話又叫……。我們包了F區，付出了不便宜的費用，但是在晚上最重要的用餐和洗澡時刻，因為停電造成了我們很大的不便，又無法聯絡營區人員電話求助，只能靜靜地等待，感受真的很差！,3,2,0,,2019/4/1,0
"露營區的浴室設施不足，導致我們被迫與其他帳篷共用浴室。雖然營地提供了一個大區域的狩獵帳，但是到達時我們並未被告知這個浴室的使用規則。後來我們才發現，狩獵帳後面的浴廁實際上只提供了方便廁所的使用，而水龍頭的水壓已經被關掉，無法使用，同時空間內的氣味也非常不佳。這種情況在我們致電營地後才被告知，且共用的浴室前面是其他包區的公用空間，這樣的安排對其他人也造成了打擾。

洗完澡後我們還必須從其他人面前經過，這種情況讓人感到非常尷尬。房間內還有黴味，而且照明也不夠，對於露營體驗來說是很大的負面影響。雖然交通位置很便利，容易到達公用空間和草地空間，這些都是不錯的，但缺乏私人浴室的設施對於20人以上的團體來說是非常不便的。尤其是要共用五六個盥洗設施，這種情況對於露營的舒適度是一大負擾。",2,2,-1,,2023/9/18,0
"露營區的浴室設施不足，導致我們被迫共用浴室。原本我們預計會使用的那個浴室其實是用來方便廁所的空間，但水龍頭已經被關掉，無法使用，氣味也不好。當我們打電話詢問時才被告知那個空間只能用來進出，且我們需要穿過其他包區的公共空間，這讓我們感到非常尷尬。

洗完澡後我們還必須從其他人面前走過，這種情況對於大家來說都很不舒服。房間裡還有著黴味，照明也不夠，整體環境都很差。雖然交通很方便，易於抵達，但這些優點都被不足的浴室設施給抵消了。希望未來包區能夠提供獨立的浴室空間，以避免這種共用浴室的不便情況，尤其是當有20人以上需要使用時，共用五六個盥洗設施實在是非常不便的。",2,2,-1,,2023/9/18,0
露營區的浴室設施不足，導致我們不得不與其他帳篷共用浴室。雖然營地管理方在我們到達前未曾告知，但我們發現後面的浴室僅供緊急使用，水龍頭被關掉，無法使用，而且空間充滿了不良氣味。電話詢問後才得知共用的浴室前面是另一包區的公共空間，這樣的安排對他人造成了打擾。洗完澡後還必須在其他人面前經過，非常尷尬。房間裡還有黴味，照明也不夠。雖然交通方便，能夠容易到達公共空間和草地，但缺乏私人浴室的設施對20人來說是非常不便的，尤其是要共用幾個盥洗間。,2,2,-1,,2023/9/18,0
露營環境需頻繁清潔。雖然由於植物繁盛導致蚊蟲密集可理解，但帳篷內也偶爾會有蚊蟲問題，尤其是在冷氣開啟時，灰塵會在空氣中飄散，實在令人震驚。連廁所內的蚊蟲屍體也數不清，蚊香的索取也需要等待相當長的時間。,3,2,0,,2022/6/15,0
露營的環境要經常清潔，外面因為植物茂盛所以蚊蟲非常多，這可以理解。但是帳篷內也有不少蚊蟲，冷氣開啟後灰塵就會在空氣中飄飛，實在很嚇人。廁所內的蚊蟲屍體也很多，想要索取蚊香也需要等待很久很久。,3,2,0,,2022/6/15,0
露營環境需頻繁清潔。由於周圍生長著許多植物，蚊蟲的數量相當多，這可以理解。然而，帳篷內也有不少蚊蟲，開啟冷氣後，灰塵會在空氣中飄浮，令人震驚。更別提廁所內蚊蟲屍體堆積如山，蚊香的索取也需要等待很久很久。,3,2,0,,2022/6/15,0
結論：整晚難以入睡。營地的佈局設計得不錯，沒有蚊蟲的困擾。匯入帳篷的先生態度不耐煩，催促我們進入。帳篷內明顯有黴味，進入後霧氣瀰漫。雙人床板中間凹陷明顯，整晚不得不採取傾斜姿勢才能入睡。營地整體缺乏管理，周圍的營友們非常活躍，直到凌晨2到3點才逐漸安靜下來。結論：整晚難以獲得充分的休息。,2,2,-1,,2021/10/19,0
結論：整晚難以入睡。營地佈置得不錯，沒有蚊子擾擾。匯入帳篷的先生態度不耐煩，催促著我們快點入住。帳篷內明顯有黴菌，入住後黴味撲鼻而來。雙人床板中間凹陷很明顯，整晚我們只能採取傾斜的睡姿。整個營地缺乏管理，周圍的其他營友非常熱情，但他們的歡笑直到凌晨2到3點才逐漸平息。結論：整晚難以入睡。,2,2,-1,,2021/10/19,0
結論：整晚難以入睡。營地佈局設計得不錯，蚊子也相當少。負責帶領我們入營的先生態度不耐煩，催促我們速度。帳篷內明顯有黴菌感，進入帳篷後黴味非常強烈。雙人床板中間凹陷很嚴重，整晚我們都不得不以傾斜的姿勢睡覺。營地整體管理非常不嚴格，周圍的其他營地同伴們非常高興，直到凌晨2到3點才逐漸安靜下來。結論：整晚難以入睡。,2,2,-1,,2021/10/19,0
這個露營區雖然自稱豪華，但實際上卻充滿了不便。凌晨時分，我被類似蜈蚣的怪物爬到身上驚醒，第二次還有生物爬到小孩身上，這讓我們都非常害怕。後來我們發現床底下有符咒、垃圾、襪子和內褲，營主的反應卻是淡淡的，好像這些事情不重要。露營區的遊戲設施也很少，溜滑梯雖然存在，但卻非常髒亂。露營期間，遇到蟲類是正常事，但帳篷的細縫處卻長滿了蜘蛛網和蟑螂蛋，這樣的環境完全不配豪華這個詞。,3,2,0,,2021/10/11,0
"這個露營區雖稱豪華，但實際體驗卻讓人感到有些失望。凌晨時分，我被類似蜈蚣的不明生物爬到身上嚇醒，第二次還有生物爬到小孩身上，這讓我們都非常驚嚇。後來在搜尋這些生物的來源時，我們發現床底滿是符咒、垃圾、襪子和內褲，這種情況讓人難以置信。

至於露營區的設施，也遠未達到我們所期待的豪華水平。溜滑梯雖然存在，但卻非常髒汙，讓人難以讓小孩使用。露營期間，遇到蟲類是可以理解的，但帳篷的某些細縫處卻長滿了蜘蛛網和蟑螂蛋，這種情況實在與「豪華」一詞不符。",3,2,0,,2021/10/11,0
"這個露營區雖然自稱豪華，但實際體驗卻讓人大失所望。凌晨時分，我被類似蜈蚣的不明生物爬到身上，後來連小孩也不例外。當我試圖找到這些生物的來源時，發現床底堆滿了垃圾、遺棄的襪子和內褲，還有一些符咒不知道是什麼意思。

我將這些問題反應給露營區的管理者，但他們似乎把這件事當作小事一桿，不太在意。露營區的遊戲設施也不多，且許多地方都很髒亂。雖然露營時遇到蟲子是很正常的事情，但帳篷的某些細縫處卻長滿了蜘蛛網和蟑螂的巢穴，這實在是難以稱得上是豪華的露營體驗。",3,2,0,,2021/10/11,0
好在是平日去，完全不符合價格。,3,2,0,,2020/9/9,0
幸好是平日去，完全不符合價格。,3,2,0,,2020/9/9,0
幸運的是，這次是平日出行。完全不符合預期價格。,3,2,0,,2020/9/9,0
露營帳篷的初次體驗，內部的舒適度真的很不錯，只是帳外的碎石區如果能夠改造成草地就會更完美了。,3,2,0,,2019/10/21,0
露營帳篷的第一次體驗，內部真的很舒適，只是帳外的碎石區如果能改成草地就完美多了。,3,2,0,,2019/10/21,0
露營帳篷的初次體驗，內部的舒適度很高，只是外面的碎石區如果能夠改造成草地就會更完美了。,3,2,0,,2019/10/21,0
營地的風景真的不錯，惟獨其他方面都有待改善。營主似乎更專注於打賭，而非提升服務品質。,3,2,0,,2019/9/19,0
營地的風景確實美麗，但其他方面都有待改善。營主似乎更注重賭博，而非提供優質的服務。,3,2,0,,2019/9/19,0
營地的風景確實很美，但不幸的是，其他方面都有待改善。營主似乎更注重賭博，而非提升服務品質。,3,2,0,,2019/9/19,0
露營的冷氣機器人不但沒有降低溫度，還突然斷了電源；電風扇吹起來時，雖然溫度有所降低，但卻會突然間停下來，讓人感到非常不舒服。至於廁所門口的積水問題，明明需要整理，但卻一直被忽略，這種狀況讓整個露營環境都感到不衛生。,3,2,0,,2019/9/1,0
露營設施的冷氣系統似乎有些問題，既不夠涼爽，又不幸地會突然斷電。電風扇的運作也有些不穩，偶爾會突然停止吹風，大有人呼籲整理的景象。至於廁所門口的積水問題，也讓人感到意外，希望管理團隊能夠更注意這些細節，以提升露營的舒適度和整體體驗。,3,2,0,,2019/9/1,0
露營設施的冷氣系統似乎運作不佳，既不夠涼爽還會突然斷電。電風扇則是會在運作一段時間後突然停止，讓人感到不適。至於廁所門口的水溢問題，也未能妥善處理，積水未被清理，這些都讓人感到不便。,3,2,0,,2019/9/1,0
服務需再加強，不能說我先支付了5800元的費用就忽略了。我們進入場地時，沒有有人來介紹浴室、冰箱、戲水池和沙坑的位置，我們不得不自己去探索。這樣的高價服務實在是令人失望。,3,2,0,,2019/4/8,0
服務需要再加強，不是我先支付了5800元的費用就不再關心。入住時，沒有人幫助介紹浴室、冰箱、嬃戲池和沙坑的位置，我們不得不自己去尋找。真不好意思，對於一晚5800元的收費來說，這樣的體驗實在是不夠理想。,3,2,0,,2019/4/8,0
服務需要加強，付完5800元的費用後，我不應該就被忽略了。進入會所時，沒有有人來介紹浴室、冰箱、戲水池和沙坑的位置，我們只能自己去尋找。為了這樣的服務，花了一晚5800元實在是過分。,3,2,0,,2019/4/8,0
露營的CP值不高。檢查入住後，服務人員告訴我現在營地很乾淨，但如果退房後營地有髒亂，我需要承擔清潔費用，這樣的說法讓我感到不太舒服。雖然狩獵帳的租金花了4800元，但我不清楚這個費用是否包含了清潔費。,3,2,0,,2022/5/3,0
露營評論：這次的CP值不高，檢查入住後，服務人員告訴我們當時帳篷內非常乾淨，但在檢查出住時他們提醒如果帳篷出現髒亂就要承擔清潔費用，這樣的說法讓人感覺有些不滿。由於我們的帳篷租金是4800元，難道不包含清潔費用嗎？這種情況下，感到有些失望。,3,2,0,,2022/5/3,0
露營的CP值不高。checkin時，服務人員告訴我們當下帳篷內狀況潔凈，但如果checkout後發現有髒亂，則需要承擔清潔費用，這種說法讓人感覺有些不悅。尤其是那間狩獵風格的帳篷，租金高達4800元，難道不包括清潔費在內嗎？,3,2,0,,2022/5/3,0
老闆人很好，但最後的路程陡峭考驗著車子的馬力，空氣澎湃而且營區不大，露營環境稍嫌狹小。,3,2,0,,2020/3/1,0
老闆人好，但最後的路程陡峭考驗車子的馬力，空氣品質也不好，露營區域較小，露營體驗略感不足。,3,2,0,,2020/3/1,0
老闆人好，但最後的路段陡峭考驗著車子的馬力，空氣流通也相當良好，營區雖然不大，但露營環境依然可圈可點，適合進行小型露營活動。,3,2,0,,2020/3/1,0
首次住進野營帳篷，裝置齊全，體驗良好！,3,2,0,,2021/1/17,0
首次嘗試住在野營帳篷，裝置齊全，體驗很棒！,3,2,0,,2021/1/17,0
首次嘗試住進野餐帳篷，裝置齊全，體驗良好！,3,2,0,,2021/1/17,0
露營的地方衛生狀況不佳，營地管理員的狗狗會不受控制地跑走，且對客人的需求似乎不太在意，結束時還沒有任何道別。,2,2,-1,,2019/4/29,0
營地的洗手間實在不太乾淨，另外營地主人養的狗有時候會不小心跑進營地，而且似乎對於客人的需求不太敏感，當我要離開時，連一句再見都沒有人說。,2,2,-1,,2019/4/29,0
廁所的清潔度實在不佳，營地管理員的狗狗常常未經約束地四處奔跑，且對住宿的遊客顯得不太在意，甚至在我們離開時都未有任何告別的言語。,2,2,-1,,2019/4/29,0
工作人員的服務態度親切友好，但浴室和廁所的環境需要更加清潔整潔。,3,2,0,,2023/4/5,0
工作人員的服務態度親切友好，但浴室和洗手間的環境整潔度仍需改善。,3,2,0,,2023/4/5,0
工作人員的服務態度親切可愛，但浴室及廁所的環境整潔度仍需進一步改善。,3,2,0,,2023/4/5,0
晚上十點以後的音量限制，只是一個建議，沒有意願遵守的傢伙們依然會大快朵頤地吵鬧。若是怕夜深人靜的朋友們建議大家避免來此之地，因為那些不懂得公德的個體，即便管理員已經來過勸導，也依然能保持著吵鬧的狀態，好像音量限制根本不存在一樣。這樣的規定，真不知為何出臺，顯得多餘而無力。這樣的體驗，恐怕很難再次發生了。,3,2,0,,2022/4/10,0
晚上十點以後的音量限制，只是一個建議，沒有義務感的人依舊會大聲喧譁。若怕夜間會有吵擾的人，應該在出發前就不要來，畢竟即使管理員多次提醒，沒有良知的人依舊不會降低音量。因此，音量限制似乎只是一句空話。看起來像這樣的活動，我們可能就不會再參加了。,3,2,0,,2022/4/10,0
晚上十點以後的音量限制只是一個建議，實際上仍有不少人不顧公德之意，依然大聲喧譁。對於害怕夜間噪音的人來說，建議他們在安排露營時考慮到這一點，因為即使提醒沒有公德心的人，也可能無法讓他們遵守quiet hours。這樣的音量限制似乎只是空談。基於此，我可能會重新考慮是否參加此次露營活動。,3,2,0,,2022/4/10,0
